"Time (s)","Distance (cm)"
3.132541668E-3,5.000000000E0
2.045376208E0,0.000000000E0
5.333542507E2,5.000000000E0