"Time (s)","Distance (cm)"
3.005250001E-3,5.000000000E0
2.163435000E0,0.000000000E0
5.686252606E2,5.000000000E0