"Time (s)","Distance (cm)"
8.069791671E-3,5.000000000E0
9.434894167E-1,0.000000000E0
4.693013050E2,5.000000000E0