"Time (s)","Distance (cm)"
2.364691664E-2,5.000000000E0
1.015520708E0,0.000000000E0
1.396968256E2,5.000000000E0