"Time (s)","Distance (cm)"
5.055041664E-3,5.000000000E0
7.450757917E-1,0.000000000E0
4.545137352E2,5.000000000E0