"Time (s)","Distance (cm)"
3.119125002E-3,5.000000000E0
2.096108792E0,0.000000000E0
5.419112003E2,5.000000000E0